<channels>
<channel>
<name>[COLOR green]•[/COLOR][B]FILMES[/B]</name>
<thumbnail>https://static.vecteezy.com/ti/vetor-gratis/p3/2180999-elementos-do-genero-do-filme-vetor.jpg</thumbnail>
<externallink>https://</externallink>
<fanart>https://d2p7ncqs8iaoqd.cloudfront.net/uploads/2021/05/GENERO.jpg</fanart>
<info>
[B]UM ACERVO BACANA DE FILMES EM HD,FHD E 4K DUAL AUDIO.[/B]
</info>
</channel>
</channels>
......................................................................................
<channels>
<channel>
<name>[COLOR red]•[/COLOR][B]SÉRIES[/B] </name>
<thumbnail>https://hiseye.org/wp-content/uploads/2020/06/Streaming-service-collage--900x877.jpg</thumbnail>
<externallink>https://</externallink>
<fanart>https://cdn.falauniversidades.com.br/wp-content/uploads/2020/05/06113757/plataformas-de-streaming.jpg</fanart>
<info>
[B]VARIADAS SERIES SEPARADAS POR PLATAFORMAS DE STREAMINGS[/B]
</info>
</channel>
</channels>
------------------------------------------------------------------------------------
<channels>
<channel>
<name>[COLOR red]•[/COLOR][B]ANIMES[/B] </name>
<thumbnail>http://nerdtec.net/wp-content/uploads/2016/06/anime-2.png</thumbnail>
<externallink>https://</externallink>
<fanart>https://teoriageek.com.br/wp-content/uploads/2021/09/confira-agora-os-25-melhores-animes-que-ja-foram-criados-26.jpg</fanart>
<info>
[B]OS ANIMES MAIS POPULARES EM HD E FHD[/B]
</info>
</channel>
</channels>
......................................................................................
<channels>
<channel>
<name>[COLOR red]•[/COLOR][B]DESENHOS[/B] </name>
<thumbnail>https://m.media-amazon.com/images/I/819hRzuJi+L._AC_SY450_.jpg</thumbnail>
<externallink>https://</externallink>
<fanart>https://opetroleo.com.br/wp-content/uploads/2022/02/Imagem1.png</fanart>
<info>[B]SÉRIES ANIMADAS VIA TORRENT E/OU LINK DIRETO[/B]
</info>
</channel>
</channels>
--------------------------------------------------------------------------------------------------
<channels>
<channel>
<name>[COLOR green]•[/COLOR][B]INFANTIL[/B] </name>
<thumbnail>https://img.freepik.com/vetores-gratis/logotipo-da-zona-infantil-com-letras-caramelo_91248-36.jpg?w=2000</thumbnail>
<externallink>https://bit.ly/35et8id</externallink>
<fanart>https://previews.123rf.com/images/julioaldana/julioaldana1711/julioaldana171100012/89464601-zona-infantil-children-zone-spanish-text-vector-sign-illustration-.jpg</fanart>
<info>[B]DESENHOS INFANTIS E EDUCACIONAIS VIA TORRENT[/B]
</info>
</channel>
</channels>

----------------------------------------------------------------------------
<channel>
<name>[B][COLOR cyan]Addon GlobePlay[/COLOR][/B]</name>
<thumbnail>https://i.imgur.com/4sm0ubj.png</thumbnail>
<externallink>https://bit.ly/3nXgyua</externallink>
<fanart>https://i.imgur.com/4sm0ubj.png</fanart>
<info>O Addon Globeplay e eu fechamos uma parceria para melhor conforto seu.
-
Agora abrindo o addon por aqui, você tera acesso a todo acervo do Globe,
sem necessidade de ficar trocando de addon para ver mais coisas.
-
Na Globe você vai encontrar
Cursos
--Que são pagos, totalmente de graça. Com grandes nomes.
--Wise-up (Inglês)
--Primo Rico (Finanças)
--Apostas/Forex/OB
--Designer
--E muito mais...  
Filmes
Series</info>
</channel>
---------------------------------------------------------------------------------
