<?xml version="1.0" encoding="UTF-8" standalone="yes"?>
<addon id="repository.The-PirateBR" name="REPO_PirateBR" version="1.1" provider-name="PirateBR">
    <extension point="xbmc.addon.repository" name="Nome Repository">
        <dir>
            <info compressed="false">https://raw.githubusercontent.com/greggorio1/PirateBr-Repo/master/zips/addons.xml</info>
            <checksum>https://raw.githubusercontent.com/greggorio1/PirateBr-Repo/master/zips/addons.xml.md5</checksum>
            <datadir zip="true">https://raw.githubusercontent.com/greggorio1/PirateBr-Repo/master/zips/</datadir>
        </dir>
    </extension>
    <extension point="xbmc.addon.metadata">
        <summary>REPO_PirateBR</summary>
        <description>Repo oficial "PirateBR"</description>
        <disclaimer></disclaimer>
        <platform>all</platform>
        <assets>
            <icon>icon.png</icon>
            <fanart>fanart.jpg</fanart>
        </assets>
    </extension>
</addon>