<addons>
<addon id="plugin.video.the-piratebr"
       name="[COLOR yellow][B]THE PIRATE[/B][/COLOR] [B][COLOR green]BR+[/COLOR][/B]"
       version="3.0.0+matrix"
       provider-name="TPB+">
<requires>
    <import addon="xbmc.python" version="3.0.0"/>
    <import addon="script.module.requests"/>
    <import addon="script.module.simplejson"/>
	<import addon="script.module.kodi-six" />
</requires>  
<extension point="xbmc.python.pluginsource" library="default.py">
	<provides>video</provides>
</extension>   
<extension point="xbmc.addon.metadata">
	 <summary lang="en">Addon focado em filmes 4k,imax,remux e 3d</summary>
    <description lang="en">Somos apenas um agregador de links</description>
    <disclaimer lang="en"></disclaimer>
	<platform>all</platform>
	<assets>
       <icon>icon.png</icon>
       <fanart>fanart.jpg</fanart>
<screenshot>resources/screenshots/home.png</screenshot>
<screenshot>resources/screenshots/movies.png</screenshot>
<screenshot>resources/screenshots/series.png</screenshot>
</assets>
	<news>news
	</news>
</extension>
</addon>
</addons>